{"_meta":{"description":"This file contains a serialized version of schema entities for drift.","version":"1.0.0"},"options":{"store_date_time_values_as_text":false},"entities":[{"id":0,"references":[],"type":"table","data":{"name":"categories","was_declared_in_moor":false,"columns":[{"name":"id","getter_name":"id","moor_type":"ColumnType.integer","nullable":false,"customConstraints":null,"defaultConstraints":"PRIMARY KEY AUTOINCREMENT","default_dart":null,"default_client_dart":null,"dsl_features":["auto-increment","primary-key"]},{"name":"name","getter_name":"name","moor_type":"ColumnType.text","nullable":false,"customConstraints":null,"default_dart":null,"default_client_dart":null,"dsl_features":[]},{"name":"color","getter_name":"color","moor_type":"ColumnType.integer","nullable":false,"customConstraints":null,"default_dart":null,"default_client_dart":null,"dsl_features":[],"type_converter":{"dart_expr":"const ColorConverter()","dart_type_name":"Color"}}],"is_virtual":false}},{"id":1,"references":[0],"type":"table","data":{"name":"todo_entries","was_declared_in_moor":false,"columns":[{"name":"id","getter_name":"id","moor_type":"ColumnType.integer","nullable":false,"customConstraints":null,"defaultConstraints":"PRIMARY KEY AUTOINCREMENT","default_dart":null,"default_client_dart":null,"dsl_features":["auto-increment","primary-key"]},{"name":"description","getter_name":"description","moor_type":"ColumnType.text","nullable":false,"customConstraints":null,"default_dart":null,"default_client_dart":null,"dsl_features":[]},{"name":"category","getter_name":"category","moor_type":"ColumnType.integer","nullable":true,"customConstraints":null,"defaultConstraints":"REFERENCES categories (id)","default_dart":null,"default_client_dart":null,"dsl_features":["unknown"]},{"name":"due_date","getter_name":"dueDate","moor_type":"ColumnType.datetime","nullable":true,"customConstraints":null,"default_dart":null,"default_client_dart":null,"dsl_features":[]}],"is_virtual":false}},{"id":2,"references":[1],"type":"table","data":{"name":"text_entries","was_declared_in_moor":true,"columns":[{"name":"description","getter_name":"description","moor_type":"ColumnType.text","nullable":false,"customConstraints":"","default_dart":null,"default_client_dart":null,"dsl_features":[]}],"is_virtual":true,"create_virtual_stmt":"CREATE VIRTUAL TABLE text_entries USING fts5 (\n    description,\n    content=todo_entries,\n    content_rowid=id\n);"}},{"id":3,"references":[1,2],"type":"trigger","data":{"on":1,"refences_in_body":[2,1],"name":"todos_insert","sql":"CREATE TRIGGER todos_insert AFTER INSERT ON todo_entries BEGIN INSERT INTO text_entries (\"rowid\", description) VALUES (new.id, new.description);END"}},{"id":4,"references":[1,2],"type":"trigger","data":{"on":1,"refences_in_body":[2,1],"name":"todos_delete","sql":"CREATE TRIGGER todos_delete AFTER DELETE ON todo_entries BEGIN INSERT INTO text_entries (text_entries, \"rowid\", description) VALUES ('delete', old.id, old.description);END"}},{"id":5,"references":[1,2],"type":"trigger","data":{"on":1,"refences_in_body":[2,1],"name":"todos_update","sql":"CREATE TRIGGER todos_update AFTER UPDATE ON todo_entries BEGIN INSERT INTO text_entries (text_entries, \"rowid\", description) VALUES ('delete', new.id, new.description);INSERT INTO text_entries (\"rowid\", description) VALUES (new.id, new.description);END"}}]}